Temperatura,Pressao,Umidade,Altitude,ax,ay,az,gx,gy,gz,vib_x,vib_y,vib_z,Latitude,Longitude,Tempo
12.11,99523.78,56.51,151.05,9.73,0.07,1.46,-0.013,-0.061,-0.017,3.79,-10.25,-0.63,0.000000,0.000000,1.09
11.65,99449.92,56.47,157.30,9.72,0.06,1.45,-0.012,-0.061,-0.017,4.79,-11.68,1.18,0.000000,0.000000,2.24
12.25,99546.16,56.51,149.16,9.72,0.06,1.45,-0.013,-0.061,-0.015,4.29,-10.73,0.28,0.000000,0.000000,3.39
11.66,99446.03,56.45,157.62,9.18,0.10,1.39,-0.012,-0.069,-0.018,3.79,-11.21,0.28,0.000000,0.000000,4.55
11.82,99472.42,56.45,155.39,9.66,0.06,1.43,-0.013,-0.062,-0.015,3.29,-10.73,1.18,0.000000,0.000000,5.70
12.33,99554.40,56.50,148.47,9.71,0.05,1.43,-0.013,-0.061,-0.016,3.29,-10.73,-0.63,0.000000,0.000000,6.86
11.98,99500.39,56.45,153.03,9.74,0.06,1.45,-0.014,-0.062,-0.015,2.78,-10.73,1.63,0.000000,0.000000,8.01
11.89,99484.09,56.44,154.41,9.72,0.06,1.44,-0.013,-0.061,-0.016,3.29,-10.73,0.73,0.000000,0.000000,9.16
11.67,99454.45,56.43,156.91,9.71,0.03,1.46,-0.013,-0.061,-0.016,2.78,-11.21,0.28,0.000000,0.000000,10.32
11.93,99492.19,56.42,153.72,9.71,0.06,1.48,-0.013,-0.062,-0.016,3.29,-11.68,3.90,0.000000,0.000000,11.47
11.51,99424.09,56.40,159.48,9.72,0.05,1.45,-0.013,-0.062,-0.016,3.79,-10.25,-0.63,0.000000,0.000000,12.63
11.88,99479.31,56.41,154.81,9.73,0.05,1.42,-0.013,-0.060,-0.017,3.29,-9.78,-0.63,0.000000,0.000000,13.78
11.79,99489.12,56.46,155.65,9.72,0.07,1.50,-0.012,-0.060,-0.016,2.78,-9.78,-1.08,0.000000,0.000000,14.93
12.03,99504.30,56.40,152.70,9.74,0.07,1.44,-0.013,-0.061,-0.016,3.29,-10.25,-3.80,0.000000,0.000000,16.09
11.81,99470.43,56.38,155.56,9.73,0.05,1.42,-0.012,-0.061,-0.016,3.79,-10.25,-1.99,0.000000,0.000000,17.24
11.95,99490.27,56.39,153.89,9.72,0.06,1.44,-0.013,-0.061,-0.017,3.79,-9.78,-0.63,0.000000,0.000000,18.40
11.87,99475.11,56.38,155.17,9.72,0.05,1.43,-0.012,-0.061,-0.017,3.29,-10.25,-1.08,0.000000,0.000000,19.55
11.72,99452.75,56.37,157.06,9.72,0.05,1.44,-0.013,-0.060,-0.016,3.79,-10.25,-1.54,0.000000,0.000000,20.70
11.97,99492.19,56.37,153.72,9.74,0.07,1.46,-0.013,-0.061,-0.016,3.29,-9.78,1.63,0.000000,0.000000,21.86
11.66,99445.27,56.37,157.69,9.74,0.07,1.49,-0.013,-0.062,-0.017,3.79,-9.30,1.63,0.000000,0.000000,23.01
11.86,99474.57,56.36,155.21,9.74,0.06,1.42,-0.013,-0.060,-0.016,4.29,-9.78,1.18,0.000000,0.000000,24.16
11.67,99448.90,56.35,157.38,9.73,0.06,1.42,-0.013,-0.061,-0.016,5.30,-10.25,0.73,0.000000,0.000000,25.32
11.60,99429.50,56.34,159.02,9.73,0.05,1.43,-0.014,-0.060,-0.016,3.79,-10.73,1.18,0.000000,0.000000,26.47
11.58,99433.27,56.33,158.70,9.74,0.04,1.46,-0.013,-0.061,-0.016,3.29,-10.25,0.28,0.000000,0.000000,27.63
12.03,99497.84,56.35,153.25,9.73,0.04,1.45,-0.013,-0.062,-0.016,3.29,-10.25,1.18,0.000000,0.000000,28.78
11.85,99471.63,56.35,155.46,9.73,0.07,1.44,-0.013,-0.061,-0.015,3.79,-10.25,0.73,0.000000,0.000000,29.94
11.95,99484.14,56.34,154.40,9.72,0.05,1.43,-0.013,-0.060,-0.016,4.29,-10.25,0.28,0.000000,0.000000,31.09
12.11,99513.16,56.35,151.95,9.70,0.06,1.45,-0.013,-0.061,-0.016,3.29,-9.30,-0.63,0.000000,0.000000,32.24
11.97,99490.70,56.32,153.85,9.72,0.04,1.45,-0.013,-0.060,-0.017,3.29,-12.16,1.18,0.000000,0.000000,33.40
11.95,99489.17,56.34,153.98,9.73,0.05,1.44,-0.013,-0.061,-0.016,2.78,-11.68,-1.54,0.000000,0.000000,34.55
12.07,99503.05,56.32,152.81,9.72,0.06,1.44,-0.014,-0.061,-0.017,2.28,-9.78,0.28,0.000000,0.000000,35.70
11.92,99483.78,56.32,154.43,9.73,0.05,1.42,-0.014,-0.061,-0.016,3.79,-9.30,1.18,0.000000,0.000000,36.85
12.07,99509.02,56.31,152.30,9.74,0.06,1.46,-0.013,-0.061,-0.017,4.29,-8.82,1.63,0.000000,0.000000,38.01
11.93,99482.19,56.31,154.57,9.72,0.06,1.46,-0.012,-0.061,-0.016,3.29,-9.78,1.18,0.000000,0.000000,39.16
11.99,99491.48,56.31,153.78,9.72,0.06,1.46,-0.013,-0.062,-0.016,3.29,-10.25,1.63,0.000000,0.000000,40.31
11.94,99485.23,56.29,154.31,9.74,0.02,1.46,-0.015,-0.061,-0.016,3.29,-9.30,0.73,0.000000,0.000000,41.47
11.99,99490.99,56.29,153.83,9.71,0.06,1.45,-0.013,-0.061,-0.016,3.79,-10.25,0.28,0.000000,0.000000,42.62
11.95,99489.10,56.30,153.98,9.72,0.05,1.46,-0.013,-0.060,-0.017,3.79,-9.78,-0.18,0.000000,0.000000,43.78
12.29,99537.61,56.30,149.89,9.74,0.07,1.41,-0.013,-0.061,-0.017,3.29,-11.68,-0.63,0.000000,0.000000,44.93
12.59,99578.70,56.33,145.77,9.75,0.09,1.51,-0.015,-0.050,-0.003,3.29,-11.68,-1.08,0.000000,0.000000,46.08
17.02,100288.63,56.54,86.64,9.87,-0.41,1.39,1.038,-0.670,0.464,2.28,-11.68,-0.63,0.000000,0.000000,47.24
14.50,99877.84,56.46,121.19,9.00,1.50,1.01,0.277,0.326,0.580,3.79,-8.82,-1.99,0.000000,0.000000,48.39
12.68,99598.73,56.35,144.73,9.89,-1.25,1.68,-0.307,-0.227,0.368,2.28,-10.25,0.28,0.000000,0.000000,49.54
10.50,99241.06,56.24,174.96,9.80,4.56,30.26,-1.210,2.417,-2.210,7.81,-14.07,27.89,0.000000,0.000000,50.70
12.27,99533.98,56.32,150.19,8.51,1.28,4.88,0.120,-0.075,1.031,5.30,-8.35,5.71,0.000000,0.000000,51.85
9.52,99092.95,56.14,187.51,4.33,-1.38,8.09,-0.242,0.725,-0.834,2.78,-3.58,7.07,0.000000,0.000000,53.00
10.90,99311.19,56.18,169.03,12.27,5.26,7.43,1.228,3.476,-2.733,8.81,-12.64,6.61,0.000000,0.000000,54.15
15.85,100096.39,56.44,102.80,10.99,2.02,1.94,0.018,-0.607,0.025,4.29,-12.16,1.18,0.000000,0.000000,55.31
11.84,99458.93,56.27,156.53,9.45,1.87,2.27,0.956,-0.645,-1.068,4.79,-9.30,0.28,0.000000,0.000000,56.46
12.06,99490.47,56.30,153.87,1.78,-5.38,8.14,0.445,1.711,1.050,-2.24,-5.48,8.42,0.000000,0.000000,57.61
11.19,99359.25,56.22,164.96,-7.84,1.07,5.85,0.640,1.321,-0.182,3.29,6.91,6.16,0.000000,0.000000,58.76
15.62,100053.95,56.45,106.36,-3.80,-1.99,6.77,-0.807,-4.389,-1.408,-0.23,3.10,5.26,0.000000,0.000000,59.92
16.50,100191.84,56.53,94.77,8.39,3.70,3.15,-0.269,1.273,-3.804,6.30,-7.39,2.09,0.000000,0.000000,61.07
15.45,100026.09,56.53,108.71,3.08,0.08,10.19,-0.437,-0.288,-0.160,2.78,-2.62,10.24,0.000000,0.000000,62.23
12.80,99612.70,56.43,143.55,4.86,4.09,8.91,0.404,-0.516,0.202,7.81,-4.53,8.42,0.000000,0.000000,63.38
8.18,98871.91,56.18,206.27,4.51,-5.07,6.21,-1.612,0.269,0.717,-2.75,-5.01,5.71,0.000000,0.000000,64.53
10.73,99283.13,56.29,171.40,4.17,-7.89,3.81,-0.331,-0.053,-0.058,-5.76,-3.10,4.35,0.000000,0.000000,65.69
11.47,99394.38,56.30,161.99,3.75,-8.36,3.23,-0.011,-0.076,-0.006,-6.77,-3.58,1.18,0.000000,0.000000,66.84
11.41,99390.19,56.29,162.35,6.35,-6.57,2.96,-0.048,-0.033,0.033,-4.25,-5.96,1.18,0.000000,0.000000,67.99
7.08,98696.18,56.04,221.20,2.91,2.46,8.39,-0.000,-4.383,-1.096,5.80,-4.05,7.52,0.000000,0.000000,69.14
6.69,98640.47,55.99,225.94,1.86,1.80,9.37,1.842,-0.889,0.123,4.79,-3.10,7.97,0.000000,0.000000,70.29
11.26,99348.23,56.21,165.89,3.87,9.14,0.92,-0.002,-0.053,-0.066,13.34,-3.10,2.09,0.000000,0.000000,71.45
8.02,98842.63,56.09,208.76,6.02,5.68,5.51,-0.117,-0.181,0.085,10.32,-6.44,6.16,0.000000,0.000000,72.60
13.71,99746.77,56.36,132.24,8.94,0.38,1.84,-0.194,-2.458,0.091,3.29,-8.82,1.63,0.000000,0.000000,73.76
13.95,99788.01,56.38,128.76,9.86,2.98,2.11,0.204,0.604,-1.784,6.80,-9.30,2.54,0.000000,0.000000,74.91
12.54,99559.86,56.31,148.01,4.55,7.11,0.05,-1.414,-0.061,0.126,10.32,-5.48,-0.63,0.000000,0.000000,76.06
16.27,100147.66,56.52,98.49,-0.51,-0.38,8.57,-1.522,-3.956,1.871,1.78,-1.19,8.88,0.000000,0.000000,77.22
13.85,99773.34,56.41,129.99,-7.43,5.22,-4.96,-0.079,2.151,1.297,7.31,5.01,-3.80,0.000000,0.000000,78.37
14.82,99746.97,56.36,117.09,7.83,1.76,6.96,-0.530,2.568,-1.549,4.79,-8.35,2.99,0.000000,0.000000,79.52
14.63,99887.13,56.41,120.41,-8.53,-5.20,1.70,-0.646,-1.890,-1.954,-2.24,8.82,4.35,0.000000,0.000000,80.68
16.49,100180.11,56.52,95.76,8.44,-4.70,1.33,0.588,-1.180,-0.388,-1.24,-7.39,1.18,0.000000,0.000000,81.83
11.93,99464.84,56.33,156.03,-1.69,-6.74,-4.50,2.989,1.535,1.195,-4.76,3.10,-3.35,0.000000,0.000000,82.98
17.42,100328.13,56.57,83.33,-6.52,-7.09,-0.10,-0.541,-0.085,-0.325,-5.76,7.87,2.99,0.000000,0.000000,84.14
13.46,99708.22,56.35,135.49,4.65,1.71,-8.53,-1.136,-0.888,0.128,5.80,-4.53,-10.14,0.000000,0.000000,85.29
12.51,99551.97,56.31,148.67,-4.77,4.83,-7.92,0.619,-1.754,-0.227,7.31,5.48,-6.06,0.000000,0.000000,86.44
14.94,99936.87,56.44,116.22,-8.30,4.43,-1.00,-0.460,0.304,0.177,7.31,8.34,-1.08,0.000000,0.000000,87.59
15.17,99968.08,56.50,113.59,-8.73,3.56,-0.96,0.330,-0.498,0.783,6.30,7.39,1.63,0.000000,0.000000,88.75
18.24,100454.66,56.69,72.71,-8.59,3.55,-2.22,-0.282,0.138,-0.468,5.80,8.82,-2.44,0.000000,0.000000,89.90
13.73,99754.70,56.51,131.57,-9.52,1.37,-2.32,0.524,-0.407,-0.579,4.79,9.78,-0.18,0.000000,0.000000,91.05
15.83,100074.02,56.61,104.68,-9.00,1.39,-3.00,-0.928,0.204,0.607,4.29,9.78,-0.63,0.000000,0.000000,92.21
16.19,100138.03,56.63,99.30,8.39,5.48,4.22,-1.625,0.149,1.978,9.32,-6.92,3.90,0.000000,0.000000,93.36
16.12,100122.75,56.63,100.58,-6.81,5.77,7.49,-0.488,1.387,-1.360,7.31,5.96,9.33,0.000000,0.000000,94.51
13.29,99681.45,56.51,137.74,-9.35,0.21,2.64,0.287,-0.301,-1.012,1.78,7.39,3.44,0.000000,0.000000,95.66
13.67,99729.60,56.53,133.68,-4.27,-2.04,7.81,-0.625,-3.012,-0.493,0.27,2.62,7.07,0.000000,0.000000,96.82
17.68,100362.45,56.72,80.45,8.89,-3.40,1.54,0.251,0.035,-0.642,-1.24,-9.78,0.73,0.000000,0.000000,97.97
18.38,100477.23,56.76,70.82,8.77,-2.41,5.50,0.104,0.826,-0.367,-1.74,-7.87,1.18,0.000000,0.000000,99.12
17.24,100303.03,56.73,85.44,-8.03,-0.68,4.98,0.031,2.402,-0.340,1.27,7.87,3.90,0.000000,0.000000,100.28
15.75,100059.89,56.74,105.08,-0.77,-9.02,2.85,0.503,-0.287,-2.548,-6.26,2.15,3.90,0.000000,0.000000,101.43
18.38,100474.10,56.76,71.09,5.58,-8.14,2.16,-1.578,1.426,-1.106,-6.77,-3.10,1.18,0.000000,0.000000,102.58
20.46,100788.41,56.83,44.77,2.32,7.91,4.95,1.423,-0.454,0.896,9.32,-1.19,5.26,0.000000,0.000000,103.73
20.02,100736.28,56.85,49.13,6.24,6.84,2.96,0.532,0.083,-0.170,9.82,-5.48,2.09,0.000000,0.000000,104.89
17.81,100385.33,56.79,78.53,-3.31,5.42,4.76,-1.061,4.147,-0.129,8.31,1.67,5.71,0.000000,0.000000,106.04
14.87,99920.50,56.65,117.60,-0.88,8.31,-2.75,0.964,0.334,2.502,11.33,0.24,-2.44,0.000000,0.000000,107.19
13.45,99700.80,56.55,136.11,3.68,-6.22,-6.00,0.804,-2.617,0.518,-3.25,-4.05,-6.52,0.000000,0.000000,108.35
14.09,99794.19,56.57,128.24,-8.98,-4.39,2.51,0.595,-0.558,-0.841,-2.24,6.44,6.16,0.000000,0.000000,109.50
11.19,99348.59,56.39,165.86,7.59,-2.40,5.02,1.356,0.922,0.434,1.27,-9.30,3.90,0.000000,0.000000,110.66
13.34,99678.89,56.47,137.96,5.03,3.10,6.03,0.868,-1.329,1.620,6.80,-8.35,7.07,0.000000,0.000000,111.81
14.68,99894.66,56.54,119.77,10.79,0.44,1.72,0.419,0.669,0.049,2.78,-13.11,1.63,0.000000,0.000000,112.97
14.00,99784.38,56.48,129.06,9.47,-0.05,1.78,-0.013,-0.065,-0.021,4.29,-11.68,1.18,0.000000,0.000000,114.13
14.54,99866.25,56.49,122.17,9.64,-0.00,1.72,-0.013,-0.062,-0.018,4.29,-12.16,-0.63,0.000000,0.000000,115.28
14.19,99816.20,56.45,126.38,9.67,0.02,1.73,-0.012,-0.060,-0.016,4.79,-12.64,1.18,0.000000,0.000000,116.44
14.12,99802.18,56.41,127.56,9.68,0.01,1.73,-0.013,-0.062,-0.016,2.78,-11.21,2.09,0.000000,0.000000,117.59
13.81,99748.51,56.36,132.09,9.68,0.04,1.74,-0.013,-0.060,-0.016,2.78,-10.25,0.28,0.000000,0.000000,118.74
13.48,99689.32,56.31,137.08,9.68,0.02,1.76,-0.013,-0.062,-0.017,2.28,-9.78,-1.54,0.000000,0.000000,119.90
13.41,99684.77,56.28,137.46,9.64,0.01,1.74,-0.013,-0.062,-0.019,2.78,-8.35,0.73,0.000000,0.000000,121.05
13.81,99743.19,56.24,132.54,9.66,-0.02,1.74,-0.013,-0.062,-0.017,2.28,-8.82,-1.54,0.000000,0.000000,122.20
13.16,99649.22,56.19,140.46,9.67,0.02,1.75,-0.013,-0.059,-0.015,3.29,-8.82,1.18,0.000000,0.000000,123.35
13.46,99691.13,56.17,136.93,9.68,-0.01,1.77,-0.013,-0.064,-0.019,4.29,-7.39,0.28,0.000000,0.000000,124.51
12.16,99482.62,56.09,154.53,9.67,-0.01,1.73,-0.014,-0.059,-0.016,2.78,-8.35,1.18,0.000000,0.000000,125.66
13.38,99673.61,56.09,138.41,9.69,-0.01,1.76,-0.013,-0.061,-0.017,2.78,-8.35,0.28,0.000000,0.000000,126.81
13.10,99661.50,56.05,139.43,9.66,0.04,1.72,-0.013,-0.062,-0.018,4.79,-10.25,-1.99,0.000000,0.000000,127.97
13.55,99701.25,56.04,136.07,9.68,0.02,1.71,-0.013,-0.063,-0.017,2.28,-10.73,1.63,0.000000,0.000000,129.12
13.68,99719.59,56.02,134.53,9.67,0.01,1.73,-0.013,-0.059,-0.015,2.28,-11.21,1.63,0.000000,0.000000,130.27
